container_id,commodity,temperature_celsius,humidity_percentage,vibration_g,recorded_at,latitude,longitude,estimated_hours_left,market_id,market_name,base_price_per_kg,distance_km,transit_hours_needed,projected_revenue_usd,risk_status,recommended_action
CONT-A-100,Avocado,12.48,93.53,0.66,2026-09-27T15:04:34.912008+00:00,34.02873,-118.25427,5.6,MKT-02,Secondary Market (Reroute Close),4.8,200,3.3333333333333335,4800.0,WARNING: Narrow Execution Window,MONITOR
CONT-B-101,Avocado,7.21,92.0,0.78,2026-09-27T15:05:46.912008+00:00,34.11028,-118.15016,25.2,MKT-01,Primary Market (Target Longhaul),5.5,800,13.333333333333334,5500.0,OPTIMAL: Safe Route,CONTINUE
CONT-C-102,Avocado,4.69,87.77,0.56,2026-09-27T15:06:58.912008+00:00,33.85091,-118.41395,51.0,MKT-01,Primary Market (Target Longhaul),5.5,800,13.333333333333334,5500.0,OPTIMAL: Safe Route,CONTINUE
CONT-D-103,Avocado,9.05,91.46,0.68,2026-09-27T15:08:10.912008+00:00,34.06695,-118.08762,12.6,MKT-02,Secondary Market (Reroute Close),4.8,200,3.3333333333333335,4800.0,OPTIMAL: Safe Route,CONTINUE
CONT-E-104,Avocado,4.52,83.86,0.74,2026-09-27T15:09:22.912008+00:00,33.9933,-118.24143,51.0,MKT-01,Primary Market (Target Longhaul),5.5,800,13.333333333333334,5500.0,OPTIMAL: Safe Route,CONTINUE
CONT-F-105,Avocado,3.92,91.05,0.45,2026-09-27T15:10:34.912008+00:00,34.21471,-118.2463,42.0,MKT-01,Primary Market (Target Longhaul),5.5,800,13.333333333333334,5500.0,OPTIMAL: Safe Route,CONTINUE
CONT-G-106,Avocado,8.65,83.73,0.64,2026-09-27T15:11:46.912008+00:00,34.00548,-118.23417,15.299999999999999,MKT-01,Primary Market (Target Longhaul),5.5,800,13.333333333333334,5500.0,WARNING: Narrow Execution Window,MONITOR
CONT-H-107,Avocado,9.75,82.88,0.61,2026-09-27T15:12:58.912008+00:00,34.00339,-118.05973,15.299999999999999,MKT-01,Primary Market (Target Longhaul),5.5,800,13.333333333333334,5500.0,WARNING: Narrow Execution Window,MONITOR
CONT-I-108,Avocado,6.64,91.73,0.59,2026-09-27T15:14:10.912008+00:00,34.07294,-118.34941,25.2,MKT-01,Primary Market (Target Longhaul),5.5,800,13.333333333333334,5500.0,OPTIMAL: Safe Route,CONTINUE
CONT-J-109,Avocado,6.0,85.05,1.13,2026-09-27T15:15:22.912008+00:00,34.06996,-118.133,51.0,MKT-01,Primary Market (Target Longhaul),5.5,800,13.333333333333334,5500.0,OPTIMAL: Safe Route,CONTINUE
CONT-K-110,Avocado,7.95,92.14,0.63,2026-09-27T15:16:34.912008+00:00,34.24342,-118.28253,25.2,MKT-01,Primary Market (Target Longhaul),5.5,800,13.333333333333334,5500.0,OPTIMAL: Safe Route,CONTINUE
CONT-L-111,Avocado,5.42,77.95,1.35,2026-09-27T15:17:46.912008+00:00,34.11776,-118.27043,60.0,MKT-01,Primary Market (Target Longhaul),5.5,800,13.333333333333334,5500.0,OPTIMAL: Safe Route,CONTINUE
