container_id,commodity,temperature_celsius,humidity_percentage,vibration_g,recorded_at,latitude,longitude
CONT-A-100,Avocado,10.07,82.0,0.88,2026-09-27T03:18:58.912008+00:00,34.12745,-118.39978
CONT-B-101,Avocado,4.46,84.64,0.56,2026-09-27T03:20:10.912008+00:00,34.05086,-118.31194
CONT-C-102,Avocado,8.38,87.89,0.67,2026-09-27T03:21:22.912008+00:00,34.14238,-118.2063
CONT-D-103,Avocado,9.33,90.64,0.36,2026-09-27T03:22:34.912008+00:00,34.12248,-118.24769
CONT-E-104,Avocado,6.47,80.6,1.02,2026-09-27T03:23:46.912008+00:00,34.03984,-118.27797
CONT-F-105,Avocado,6.17,86.66,0.76,2026-09-27T03:24:58.912008+00:00,34.08522,-118.20923
CONT-G-106,Avocado,10.65,81.97,0.5,2026-09-27T03:26:10.912008+00:00,33.9871,-118.19442
CONT-H-107,Avocado,11.21,86.23,0.4,2026-09-27T03:27:22.912008+00:00,33.98624,-118.19165
CONT-I-108,Avocado,8.14,86.72,0.45,2026-09-27T03:28:34.912008+00:00,34.07077,-118.23437
CONT-J-109,Avocado,7.19,88.36,0.72,2026-09-27T03:29:46.912008+00:00,34.10651,-118.23829
CONT-K-110,Avocado,7.32,87.16,0.21,2026-09-27T03:30:58.912008+00:00,34.02663,-118.28133
CONT-L-111,Avocado,5.65,82.62,1.1,2026-09-27T03:32:10.912008+00:00,33.98293,-118.16624
CONT-A-100,Avocado,6.49,85.53,0.7,2026-09-27T03:33:22.912008+00:00,34.0991,-118.1868
CONT-B-101,Avocado,8.23,82.26,0.51,2026-09-27T03:34:34.912008+00:00,34.12084,-118.259
CONT-C-102,Avocado,4.5,78.33,0.37,2026-09-27T03:35:46.912008+00:00,34.09197,-118.23231
CONT-D-103,Avocado,12.12,86.66,0.7,2026-09-27T03:36:58.912008+00:00,34.10225,-118.26845
CONT-E-104,Avocado,7.62,80.69,0.54,2026-09-27T03:38:10.912008+00:00,34.02166,-118.33937
CONT-F-105,Avocado,7.68,81.65,0.65,2026-09-27T03:39:22.912008+00:00,34.09066,-118.20798
CONT-G-106,Avocado,8.0,83.51,0.52,2026-09-27T03:40:34.912008+00:00,34.04582,-118.37869
CONT-H-107,Avocado,6.58,80.19,0.35,2026-09-27T03:41:46.912008+00:00,34.08418,-118.31614
CONT-I-108,Avocado,6.12,90.5,0.54,2026-09-27T03:42:58.912008+00:00,34.1112,-118.31839
CONT-J-109,Avocado,6.43,79.25,0.55,2026-09-27T03:44:10.912008+00:00,34.11942,-118.38189
CONT-K-110,Avocado,7.58,85.19,0.47,2026-09-27T03:45:22.912008+00:00,33.93652,-118.23793
CONT-L-111,Avocado,5.85,85.16,0.66,2026-09-27T03:46:34.912008+00:00,34.18034,-118.26285
CONT-A-100,Avocado,7.68,88.1,0.72,2026-09-27T03:47:46.912008+00:00,34.16094,-118.17689
CONT-B-101,Avocado,7.44,91.32,0.29,2026-09-27T03:48:58.912008+00:00,34.00102,-118.31783
CONT-C-102,Avocado,6.1,77.12,0.84,2026-09-27T03:50:10.912008+00:00,34.03442,-118.36136
CONT-D-103,Avocado,9.05,90.37,0.9,2026-09-27T03:51:22.912008+00:00,34.21194,-118.01059
CONT-E-104,Avocado,7.55,79.05,0.05,2026-09-27T03:52:34.912008+00:00,34.07362,-118.30874
CONT-F-105,Avocado,6.05,80.94,0.61,2026-09-27T03:53:46.912008+00:00,34.13748,-118.23114
CONT-G-106,Avocado,6.51,78.82,0.15,2026-09-27T03:54:58.912008+00:00,34.0133,-118.248
CONT-H-107,Avocado,12.36,87.45,0.94,2026-09-27T03:56:10.912008+00:00,34.01226,-118.3385
CONT-I-108,Avocado,5.06,80.37,1.29,2026-09-27T03:57:22.912008+00:00,33.98649,-118.17662
CONT-J-109,Avocado,5.17,88.66,0.77,2026-09-27T03:58:34.912008+00:00,34.03967,-118.24696
CONT-K-110,Avocado,5.62,86.23,0.51,2026-09-27T03:59:46.912008+00:00,33.95415,-118.34594
CONT-L-111,Avocado,7.11,91.9,0.7,2026-09-27T04:00:58.912008+00:00,34.04271,-118.22083
CONT-A-100,Avocado,11.87,88.3,0.53,2026-09-27T04:02:10.912008+00:00,34.1407,-118.2094
CONT-B-101,Avocado,9.56,84.92,0.28,2026-09-27T04:03:22.912008+00:00,33.94275,-118.11163
CONT-C-102,Avocado,9.9,83.1,0.54,2026-09-27T04:04:34.912008+00:00,34.16912,-118.33226
CONT-D-103,Avocado,9.27,92.02,0.53,2026-09-27T04:05:46.912008+00:00,34.05179,-118.25678
CONT-E-104,Avocado,7.41,91.04,0.68,2026-09-27T04:06:58.912008+00:00,34.10372,-118.40771
CONT-F-105,Avocado,6.71,79.78,0.28,2026-09-27T04:08:10.912008+00:00,33.98195,-118.27043
CONT-G-106,Avocado,8.45,77.37,0.66,2026-09-27T04:09:22.912008+00:00,34.01347,-118.26991
CONT-H-107,Avocado,10.98,89.49,1.05,2026-09-27T04:10:34.912008+00:00,34.03984,-118.29938
CONT-I-108,Avocado,6.4,85.21,0.7,2026-09-27T04:11:46.912008+00:00,33.96545,-118.23646
CONT-J-109,Avocado,7.21,96.59,1.21,2026-09-27T04:12:58.912008+00:00,33.98394,-118.26669
CONT-K-110,Avocado,4.17,81.05,0.74,2026-09-27T04:14:10.912008+00:00,34.14867,-118.30203
CONT-L-111,Avocado,5.62,73.26,0.6,2026-09-27T04:15:22.912008+00:00,33.96721,-118.28606
CONT-A-100,Avocado,7.94,86.73,0.12,2026-09-27T04:16:34.912008+00:00,33.93484,-118.07336
CONT-B-101,Avocado,4.48,78.52,1.2,2026-09-27T04:17:46.912008+00:00,34.28461,-118.33743
CONT-C-102,Avocado,6.14,85.71,1.17,2026-09-27T04:18:58.912008+00:00,33.97325,-118.26332
CONT-D-103,Avocado,12.28,90.97,0.54,2026-09-27T04:20:10.912008+00:00,34.04149,-118.35369
CONT-E-104,Avocado,6.37,82.67,0.72,2026-09-27T04:21:22.912008+00:00,34.00777,-118.20598
CONT-F-105,Avocado,8.62,84.78,0.76,2026-09-27T04:22:34.912008+00:00,34.05645,-118.24369
CONT-G-106,Avocado,5.5,85.58,0.62,2026-09-27T04:23:46.912008+00:00,34.21965,-118.11783
CONT-H-107,Avocado,9.87,82.98,0.32,2026-09-27T04:24:58.912008+00:00,34.14749,-118.22268
CONT-I-108,Avocado,7.66,75.28,0.93,2026-09-27T04:26:10.912008+00:00,34.08855,-118.33253
CONT-J-109,Avocado,5.95,85.32,0.67,2026-09-27T04:27:22.912008+00:00,34.02883,-118.25198
CONT-K-110,Avocado,6.35,84.76,1.09,2026-09-27T04:28:34.912008+00:00,33.84687,-118.26265
CONT-L-111,Avocado,7.12,85.48,0.54,2026-09-27T04:29:46.912008+00:00,33.91166,-118.21746
CONT-A-100,Avocado,12.63,79.53,0.91,2026-09-27T04:30:58.912008+00:00,34.02592,-118.24861
CONT-B-101,Avocado,4.9,82.33,1.04,2026-09-27T04:32:10.912008+00:00,34.09881,-118.10512
CONT-C-102,Avocado,8.92,86.2,1.17,2026-09-27T04:33:22.912008+00:00,34.08732,-118.17746
CONT-D-103,Avocado,10.35,89.13,0.44,2026-09-27T04:34:34.912008+00:00,34.13137,-118.33796
CONT-E-104,Avocado,8.21,83.05,1.0,2026-09-27T04:35:46.912008+00:00,34.11227,-118.09805
CONT-F-105,Avocado,8.12,76.14,0.63,2026-09-27T04:36:58.912008+00:00,33.95844,-118.28516
CONT-G-106,Avocado,9.52,87.19,0.44,2026-09-27T04:38:10.912008+00:00,33.9711,-118.24108
CONT-H-107,Avocado,6.99,83.44,0.74,2026-09-27T04:39:22.912008+00:00,34.14462,-118.195
CONT-I-108,Avocado,3.5,85.52,0.67,2026-09-27T04:40:34.912008+00:00,34.08531,-118.1144
CONT-J-109,Avocado,3.5,81.04,0.83,2026-09-27T04:41:46.912008+00:00,33.92567,-118.12562
CONT-K-110,Avocado,7.46,88.23,0.48,2026-09-27T04:42:58.912008+00:00,34.1173,-118.15822
CONT-L-111,Avocado,7.22,85.17,0.73,2026-09-27T04:44:10.912008+00:00,33.98313,-118.2555
CONT-A-100,Avocado,9.25,89.12,0.95,2026-09-27T04:45:22.912008+00:00,33.96752,-118.2537
CONT-B-101,Avocado,9.47,80.28,0.4,2026-09-27T04:46:34.912008+00:00,34.06838,-118.17615
CONT-C-102,Avocado,6.82,90.64,0.91,2026-09-27T04:47:46.912008+00:00,34.11955,-118.19937
CONT-D-103,Avocado,14.5,87.77,0.05,2026-09-27T04:48:58.912008+00:00,34.18054,-118.28032
CONT-E-104,Avocado,6.99,90.55,0.17,2026-09-27T04:50:10.912008+00:00,33.95207,-118.3718
CONT-F-105,Avocado,5.37,86.2,0.81,2026-09-27T04:51:22.912008+00:00,34.0743,-118.35672
CONT-G-106,Avocado,3.5,84.27,0.51,2026-09-27T04:52:34.912008+00:00,34.08895,-118.18754
CONT-H-107,Avocado,9.43,90.6,0.72,2026-09-27T04:53:46.912008+00:00,34.09461,-118.30007
CONT-I-108,Avocado,6.48,84.98,0.9,2026-09-27T04:54:58.912008+00:00,34.0207,-118.20201
CONT-J-109,Avocado,6.32,83.41,0.9,2026-09-27T04:56:10.912008+00:00,33.89276,-118.34742
CONT-K-110,Avocado,4.13,72.33,0.45,2026-09-27T04:57:22.912008+00:00,34.11215,-118.26649
CONT-L-111,Avocado,7.16,89.45,1.05,2026-09-27T04:58:34.912008+00:00,34.04667,-118.13541
CONT-A-100,Avocado,9.69,83.01,0.47,2026-09-27T04:59:46.912008+00:00,33.93376,-118.31475
CONT-B-101,Avocado,6.16,88.02,1.17,2026-09-27T05:00:58.912008+00:00,33.94163,-118.21227
CONT-C-102,Avocado,4.93,86.37,0.61,2026-09-27T05:02:10.912008+00:00,33.90573,-118.16944
CONT-D-103,Avocado,9.79,86.13,0.33,2026-09-27T05:03:22.912008+00:00,33.99986,-118.20947
CONT-E-104,Avocado,6.46,85.64,0.76,2026-09-27T05:04:34.912008+00:00,34.15785,-118.27112
CONT-F-105,Avocado,4.14,89.34,0.55,2026-09-27T05:05:46.912008+00:00,34.14137,-118.21303
CONT-G-106,Avocado,6.56,85.74,1.24,2026-09-27T05:06:58.912008+00:00,34.21836,-118.23815
CONT-H-107,Avocado,9.47,92.18,0.4,2026-09-27T05:08:10.912008+00:00,34.07885,-118.24577
CONT-I-108,Avocado,7.37,79.83,0.17,2026-09-27T05:09:22.912008+00:00,33.88636,-118.33309
CONT-J-109,Avocado,5.97,82.53,1.23,2026-09-27T05:10:34.912008+00:00,34.14068,-118.32067
CONT-K-110,Avocado,7.43,81.96,0.56,2026-09-27T05:11:46.912008+00:00,34.06703,-118.19417
CONT-L-111,Avocado,6.19,89.32,0.31,2026-09-27T05:12:58.912008+00:00,34.05271,-118.03589
CONT-A-100,Avocado,9.92,94.37,0.68,2026-09-27T05:14:10.912008+00:00,34.09866,-118.24824
CONT-B-101,Avocado,6.49,80.1,0.78,2026-09-27T05:15:22.912008+00:00,33.98408,-118.19045
CONT-C-102,Avocado,8.75,85.83,0.56,2026-09-27T05:16:34.912008+00:00,34.08852,-118.26839
CONT-D-103,Avocado,12.56,79.64,0.55,2026-09-27T05:17:46.912008+00:00,33.89294,-118.3633
CONT-E-104,Avocado,9.25,88.48,0.43,2026-09-27T05:18:58.912008+00:00,33.932,-118.48086
CONT-F-105,Avocado,5.82,96.1,0.78,2026-09-27T05:20:10.912008+00:00,34.00743,-118.20649
CONT-G-106,Avocado,3.99,82.51,0.68,2026-09-27T05:21:22.912008+00:00,34.04531,-118.18044
CONT-H-107,Avocado,9.8,90.14,0.44,2026-09-27T05:22:34.912008+00:00,34.12403,-118.11339
CONT-I-108,Avocado,5.05,79.56,1.05,2026-09-27T05:23:46.912008+00:00,34.03689,-118.13139
CONT-J-109,Avocado,6.0,91.28,0.69,2026-09-27T05:24:58.912008+00:00,34.07286,-118.11852
CONT-K-110,Avocado,6.15,79.29,0.52,2026-09-27T05:26:10.912008+00:00,34.08839,-118.36896
CONT-L-111,Avocado,7.95,81.31,0.99,2026-09-27T05:27:22.912008+00:00,33.86066,-118.30663
CONT-A-100,Avocado,6.48,83.07,0.72,2026-09-27T05:28:34.912008+00:00,34.03786,-118.26397
CONT-B-101,Avocado,6.51,85.02,0.35,2026-09-27T05:29:46.912008+00:00,34.10875,-118.19069
CONT-C-102,Avocado,7.49,86.78,0.74,2026-09-27T05:30:58.912008+00:00,34.21501,-118.25067
CONT-D-103,Avocado,10.33,85.03,0.34,2026-09-27T05:32:10.912008+00:00,33.95264,-118.3148
CONT-E-104,Avocado,6.67,85.67,0.67,2026-09-27T05:33:22.912008+00:00,33.99096,-118.17169
CONT-F-105,Avocado,8.13,83.2,0.45,2026-09-27T05:34:34.912008+00:00,34.09607,-118.22866
CONT-G-106,Avocado,4.19,83.66,0.73,2026-09-27T05:35:46.912008+00:00,33.98022,-118.22851
CONT-H-107,Avocado,6.56,93.48,1.02,2026-09-27T05:36:58.912008+00:00,34.032,-118.21462
CONT-I-108,Avocado,3.5,78.22,0.56,2026-09-27T05:38:10.912008+00:00,33.96643,-118.18655
CONT-J-109,Avocado,10.4,78.12,0.4,2026-09-27T05:39:22.912008+00:00,34.07104,-118.11481
CONT-K-110,Avocado,4.6,85.25,1.2,2026-09-27T05:40:34.912008+00:00,33.92006,-118.34619
CONT-L-111,Avocado,6.04,81.4,0.89,2026-09-27T05:41:46.912008+00:00,34.07153,-118.3857
CONT-A-100,Avocado,10.45,84.31,1.03,2026-09-27T05:42:58.912008+00:00,34.00199,-118.29463
CONT-B-101,Avocado,7.77,87.81,0.78,2026-09-27T05:44:10.912008+00:00,33.91735,-118.20066
CONT-C-102,Avocado,4.94,85.18,0.22,2026-09-27T05:45:22.912008+00:00,34.08791,-118.30823
CONT-D-103,Avocado,8.57,92.37,0.72,2026-09-27T05:46:34.912008+00:00,34.00308,-118.12761
CONT-E-104,Avocado,6.01,84.16,0.73,2026-09-27T05:47:46.912008+00:00,34.00263,-118.20601
CONT-F-105,Avocado,5.84,81.94,1.06,2026-09-27T05:48:58.912008+00:00,33.96895,-118.43672
CONT-G-106,Avocado,9.7,96.75,0.53,2026-09-27T05:50:10.912008+00:00,33.89725,-118.26854
CONT-H-107,Avocado,8.66,85.85,0.32,2026-09-27T05:51:22.912008+00:00,34.09856,-118.20174
CONT-I-108,Avocado,4.11,87.5,1.27,2026-09-27T05:52:34.912008+00:00,34.06596,-118.27069
CONT-J-109,Avocado,6.54,87.08,0.13,2026-09-27T05:53:46.912008+00:00,34.06535,-118.27494
CONT-K-110,Avocado,10.13,83.13,1.15,2026-09-27T05:54:58.912008+00:00,33.9639,-118.19672
CONT-L-111,Avocado,7.37,79.65,0.7,2026-09-27T05:56:10.912008+00:00,34.1492,-118.2696
CONT-A-100,Avocado,6.47,87.11,0.38,2026-09-27T05:57:22.912008+00:00,34.02481,-118.25023
CONT-B-101,Avocado,3.73,75.92,0.79,2026-09-27T05:58:34.912008+00:00,34.01038,-118.44888
CONT-C-102,Avocado,8.21,85.36,0.44,2026-09-27T05:59:46.912008+00:00,33.94685,-118.17684
CONT-D-103,Avocado,11.51,98.0,0.78,2026-09-27T06:00:58.912008+00:00,34.08322,-118.25705
CONT-E-104,Avocado,8.27,87.13,1.03,2026-09-27T06:02:10.912008+00:00,34.01049,-118.27853
CONT-F-105,Avocado,5.94,87.95,1.1,2026-09-27T06:03:22.912008+00:00,34.01549,-118.27768
CONT-G-106,Avocado,7.37,82.77,0.94,2026-09-27T06:04:34.912008+00:00,33.87206,-118.30984
CONT-H-107,Avocado,7.77,75.2,0.36,2026-09-27T06:05:46.912008+00:00,33.97899,-118.25979
CONT-I-108,Avocado,8.8,82.77,0.34,2026-09-27T06:06:58.912008+00:00,34.04764,-118.15977
CONT-J-109,Avocado,5.04,79.45,0.82,2026-09-27T06:08:10.912008+00:00,34.03448,-118.1919
CONT-K-110,Avocado,6.78,87.51,0.34,2026-09-27T06:09:22.912008+00:00,34.05123,-118.26056
CONT-L-111,Avocado,4.61,76.18,0.86,2026-09-27T06:10:34.912008+00:00,34.02412,-118.32548
CONT-A-100,Avocado,9.35,92.84,0.05,2026-09-27T06:11:46.912008+00:00,33.93247,-118.31753
CONT-B-101,Avocado,9.43,85.41,0.88,2026-09-27T06:12:58.912008+00:00,33.96099,-118.33326
CONT-C-102,Avocado,7.61,84.29,0.81,2026-09-27T06:14:10.912008+00:00,34.03719,-118.22145
CONT-D-103,Avocado,11.16,92.69,0.89,2026-09-27T06:15:22.912008+00:00,33.92261,-118.42348
CONT-E-104,Avocado,8.6,89.94,0.34,2026-09-27T06:16:34.912008+00:00,33.90341,-118.23578
CONT-F-105,Avocado,8.48,92.99,0.8,2026-09-27T06:17:46.912008+00:00,34.02246,-118.31515
CONT-G-106,Avocado,6.82,82.5,0.35,2026-09-27T06:18:58.912008+00:00,34.2161,-118.10089
CONT-H-107,Avocado,11.22,82.2,0.91,2026-09-27T06:20:10.912008+00:00,34.10337,-118.2083
CONT-I-108,Avocado,9.05,87.18,0.87,2026-09-27T06:21:22.912008+00:00,34.10315,-118.21644
CONT-J-109,Avocado,3.59,84.42,0.48,2026-09-27T06:22:34.912008+00:00,33.94981,-118.10915
CONT-K-110,Avocado,9.91,90.8,0.73,2026-09-27T06:23:46.912008+00:00,34.16025,-118.24274
CONT-L-111,Avocado,7.17,78.53,0.77,2026-09-27T06:24:58.912008+00:00,34.05703,-118.34791
CONT-A-100,Avocado,9.43,86.8,1.19,2026-09-27T06:26:10.912008+00:00,34.12374,-118.24278
CONT-B-101,Avocado,7.25,84.22,0.59,2026-09-27T06:27:22.912008+00:00,33.96561,-118.25578
CONT-C-102,Avocado,5.46,77.75,0.8,2026-09-27T06:28:34.912008+00:00,34.0835,-118.38664
CONT-D-103,Avocado,10.66,93.78,0.97,2026-09-27T06:29:46.912008+00:00,34.13427,-118.24059
CONT-E-104,Avocado,5.28,78.58,0.75,2026-09-27T06:30:58.912008+00:00,34.08254,-118.14071
CONT-F-105,Avocado,8.78,83.34,0.28,2026-09-27T06:32:10.912008+00:00,34.02667,-118.22632
CONT-G-106,Avocado,6.44,81.11,0.73,2026-09-27T06:33:22.912008+00:00,34.01188,-118.29395
CONT-H-107,Avocado,9.74,84.79,0.72,2026-09-27T06:34:34.912008+00:00,34.07406,-118.33485
CONT-I-108,Avocado,5.93,91.19,0.3,2026-09-27T06:35:46.912008+00:00,33.88287,-118.39265
CONT-J-109,Avocado,6.85,84.15,0.61,2026-09-27T06:36:58.912008+00:00,34.14934,-118.45753
CONT-K-110,Avocado,7.51,91.81,0.31,2026-09-27T06:38:10.912008+00:00,34.02182,-118.30393
CONT-L-111,Avocado,5.19,82.37,1.08,2026-09-27T06:39:22.912008+00:00,34.19919,-118.27058
CONT-A-100,Avocado,12.95,87.38,1.18,2026-09-27T06:40:34.912008+00:00,34.04474,-118.23322
CONT-B-101,Avocado,7.46,98.0,0.91,2026-09-27T06:41:46.912008+00:00,33.99562,-118.16618
CONT-C-102,Avocado,6.15,81.55,0.92,2026-09-27T06:42:58.912008+00:00,34.05469,-118.22141
CONT-D-103,Avocado,10.91,90.48,0.78,2026-09-27T06:44:10.912008+00:00,33.89724,-118.19037
CONT-E-104,Avocado,5.03,76.79,0.63,2026-09-27T06:45:22.912008+00:00,34.05892,-118.29918
CONT-F-105,Avocado,8.3,77.29,0.53,2026-09-27T06:46:34.912008+00:00,34.00541,-118.24743
CONT-G-106,Avocado,7.3,78.96,0.87,2026-09-27T06:47:46.912008+00:00,34.05724,-118.39506
CONT-H-107,Avocado,5.65,86.74,0.58,2026-09-27T06:48:58.912008+00:00,34.04393,-118.24594
CONT-I-108,Avocado,7.21,88.74,0.32,2026-09-27T06:50:10.912008+00:00,33.95844,-118.33117
CONT-J-109,Avocado,7.32,90.22,0.52,2026-09-27T06:51:22.912008+00:00,33.85206,-118.38002
CONT-K-110,Avocado,5.3,81.21,0.53,2026-09-27T06:52:34.912008+00:00,34.05529,-118.26864
CONT-L-111,Avocado,8.69,80.62,0.39,2026-09-27T06:53:46.912008+00:00,34.09051,-118.36655
CONT-A-100,Avocado,10.22,87.71,0.61,2026-09-27T06:54:58.912008+00:00,34.17926,-118.29348
CONT-B-101,Avocado,10.51,82.87,0.27,2026-09-27T06:56:10.912008+00:00,34.05779,-118.3298
CONT-C-102,Avocado,5.45,85.99,0.82,2026-09-27T06:57:22.912008+00:00,34.00243,-118.16471
CONT-D-103,Avocado,12.96,95.98,0.81,2026-09-27T06:58:34.912008+00:00,34.16127,-118.39416
CONT-E-104,Avocado,6.23,79.66,0.69,2026-09-27T06:59:46.912008+00:00,34.00648,-118.25699
CONT-F-105,Avocado,10.19,83.15,0.77,2026-09-27T07:00:58.912008+00:00,34.03362,-118.23764
CONT-G-106,Avocado,6.81,86.24,1.0,2026-09-27T07:02:10.912008+00:00,34.18399,-118.21893
CONT-H-107,Avocado,10.24,81.05,0.62,2026-09-27T07:03:22.912008+00:00,34.12742,-118.17442
CONT-I-108,Avocado,7.18,88.43,0.8,2026-09-27T07:04:34.912008+00:00,34.14822,-118.22055
CONT-J-109,Avocado,6.16,85.68,0.05,2026-09-27T07:05:46.912008+00:00,34.08283,-118.53557
CONT-K-110,Avocado,3.7,86.26,0.79,2026-09-27T07:06:58.912008+00:00,33.95921,-118.30067
CONT-L-111,Avocado,9.27,81.58,1.32,2026-09-27T07:08:10.912008+00:00,34.05205,-118.21106
CONT-A-100,Avocado,12.43,87.86,0.35,2026-09-27T07:09:22.912008+00:00,34.04342,-118.24655
CONT-B-101,Avocado,4.34,82.72,0.43,2026-09-27T07:10:34.912008+00:00,34.12615,-118.24093
CONT-C-102,Avocado,6.29,83.47,0.72,2026-09-27T07:11:46.912008+00:00,34.10155,-118.32368
CONT-D-103,Avocado,9.01,94.32,0.53,2026-09-27T07:12:58.912008+00:00,33.93885,-118.20819
CONT-E-104,Avocado,7.63,76.35,0.72,2026-09-27T07:14:10.912008+00:00,34.11105,-118.21375
CONT-F-105,Avocado,7.94,76.98,0.75,2026-09-27T07:15:22.912008+00:00,34.02799,-118.28232
CONT-G-106,Avocado,8.37,91.4,1.19,2026-09-27T07:16:34.912008+00:00,34.15738,-118.25248
CONT-H-107,Avocado,9.81,90.63,0.69,2026-09-27T07:17:46.912008+00:00,34.06266,-118.1778
CONT-I-108,Avocado,6.69,80.35,0.53,2026-09-27T07:18:58.912008+00:00,34.10291,-118.24346
CONT-J-109,Avocado,7.41,87.35,0.54,2026-09-27T07:20:10.912008+00:00,34.1127,-118.21339
CONT-K-110,Avocado,4.58,91.21,0.5,2026-09-27T07:21:22.912008+00:00,33.91979,-118.3273
CONT-L-111,Avocado,4.96,84.26,0.57,2026-09-27T07:22:34.912008+00:00,34.02525,-118.19412
CONT-A-100,Avocado,10.13,88.78,0.77,2026-09-27T07:23:46.912008+00:00,34.10149,-118.41234
CONT-B-101,Avocado,6.14,73.1,0.66,2026-09-27T07:24:58.912008+00:00,34.05183,-118.16006
CONT-C-102,Avocado,8.94,85.01,0.5,2026-09-27T07:26:10.912008+00:00,34.09101,-118.28593
CONT-D-103,Avocado,10.88,93.73,0.48,2026-09-27T07:27:22.912008+00:00,34.11665,-118.18951
CONT-E-104,Avocado,5.08,88.87,0.86,2026-09-27T07:28:34.912008+00:00,34.06035,-118.30469
CONT-F-105,Avocado,5.25,81.31,0.81,2026-09-27T07:29:46.912008+00:00,33.97575,-118.2087
CONT-G-106,Avocado,4.56,82.98,0.68,2026-09-27T07:30:58.912008+00:00,34.24781,-118.35389
CONT-H-107,Avocado,11.83,87.55,0.77,2026-09-27T07:32:10.912008+00:00,34.06167,-118.20812
CONT-I-108,Avocado,6.52,91.27,0.51,2026-09-27T07:33:22.912008+00:00,34.14278,-118.29525
CONT-J-109,Avocado,6.69,78.64,0.79,2026-09-27T07:34:34.912008+00:00,34.16781,-118.24989
CONT-K-110,Avocado,6.45,78.43,0.58,2026-09-27T07:35:46.912008+00:00,33.92478,-118.31673
CONT-L-111,Avocado,7.21,90.6,1.49,2026-09-27T07:36:58.912008+00:00,34.00527,-118.12888
CONT-A-100,Avocado,9.96,86.44,0.78,2026-09-27T07:38:10.912008+00:00,34.05715,-118.23487
CONT-B-101,Avocado,6.07,77.01,0.19,2026-09-27T07:39:22.912008+00:00,34.10446,-118.26584
CONT-C-102,Avocado,5.73,84.04,0.89,2026-09-27T07:40:34.912008+00:00,34.06663,-118.29618
CONT-D-103,Avocado,13.09,96.7,0.8,2026-09-27T07:41:46.912008+00:00,34.13009,-118.14434
CONT-E-104,Avocado,8.83,87.07,0.83,2026-09-27T07:42:58.912008+00:00,34.09377,-118.33149
CONT-F-105,Avocado,8.06,77.22,0.41,2026-09-27T07:44:10.912008+00:00,34.15649,-118.17648
CONT-G-106,Avocado,9.48,82.64,0.3,2026-09-27T07:45:22.912008+00:00,34.03297,-118.23554
CONT-H-107,Avocado,9.32,92.47,0.54,2026-09-27T07:46:34.912008+00:00,34.08036,-118.32279
CONT-I-108,Avocado,7.61,84.02,0.43,2026-09-27T07:47:46.912008+00:00,34.03333,-118.25843
CONT-J-109,Avocado,6.31,92.86,0.62,2026-09-27T07:48:58.912008+00:00,34.03269,-118.4115
CONT-K-110,Avocado,5.19,82.68,0.44,2026-09-27T07:50:10.912008+00:00,34.16274,-118.2569
CONT-L-111,Avocado,9.12,84.31,0.66,2026-09-27T07:51:22.912008+00:00,34.0451,-118.2434
CONT-A-100,Avocado,12.61,75.6,0.05,2026-09-27T07:52:34.912008+00:00,34.00875,-118.24254
CONT-B-101,Avocado,8.04,86.37,0.53,2026-09-27T07:53:46.912008+00:00,34.13372,-118.16128
CONT-C-102,Avocado,7.13,88.81,0.73,2026-09-27T07:54:58.912008+00:00,34.00728,-118.18787
CONT-D-103,Avocado,11.08,88.81,1.09,2026-09-27T07:56:10.912008+00:00,33.85613,-118.35711
CONT-E-104,Avocado,4.66,82.18,0.57,2026-09-27T07:57:22.912008+00:00,33.93161,-118.32251
CONT-F-105,Avocado,5.25,96.29,1.19,2026-09-27T07:58:34.912008+00:00,34.01926,-118.27279
CONT-G-106,Avocado,4.73,74.46,0.61,2026-09-27T07:59:46.912008+00:00,33.97237,-118.25049
CONT-H-107,Avocado,6.3,82.99,0.69,2026-09-27T08:00:58.912008+00:00,34.0815,-118.2103
CONT-I-108,Avocado,4.42,88.27,0.41,2026-09-27T08:02:10.912008+00:00,34.10283,-118.24455
CONT-J-109,Avocado,4.32,82.42,0.76,2026-09-27T08:03:22.912008+00:00,34.10124,-118.25498
CONT-K-110,Avocado,9.56,89.04,0.57,2026-09-27T08:04:34.912008+00:00,34.11221,-118.089
CONT-L-111,Avocado,10.33,77.86,0.37,2026-09-27T08:05:46.912008+00:00,34.17099,-118.32836
CONT-A-100,Avocado,7.14,84.77,0.78,2026-09-27T08:06:58.912008+00:00,34.04401,-118.29575
CONT-B-101,Avocado,5.59,80.44,0.39,2026-09-27T08:08:10.912008+00:00,34.23473,-118.2199
CONT-C-102,Avocado,8.4,81.55,0.59,2026-09-27T08:09:22.912008+00:00,33.99512,-118.45584
CONT-D-103,Avocado,8.4,79.75,0.05,2026-09-27T08:10:34.912008+00:00,33.95657,-118.1377
CONT-E-104,Avocado,6.72,90.45,0.77,2026-09-27T08:11:46.912008+00:00,34.1148,-118.31577
CONT-F-105,Avocado,7.74,87.64,0.48,2026-09-27T08:12:58.912008+00:00,34.09696,-118.1984
CONT-G-106,Avocado,5.81,78.39,0.29,2026-09-27T08:14:10.912008+00:00,34.05912,-118.21754
CONT-H-107,Avocado,7.75,86.93,0.82,2026-09-27T08:15:22.912008+00:00,34.10166,-118.11955
CONT-I-108,Avocado,9.1,78.99,1.16,2026-09-27T08:16:34.912008+00:00,34.00972,-118.16011
CONT-J-109,Avocado,6.92,81.94,0.11,2026-09-27T08:17:46.912008+00:00,34.03847,-118.36845
CONT-K-110,Avocado,8.54,91.58,0.41,2026-09-27T08:18:58.912008+00:00,34.07636,-118.30173
CONT-L-111,Avocado,5.67,87.87,0.64,2026-09-27T08:20:10.912008+00:00,34.19137,-118.28228
CONT-A-100,Avocado,11.32,87.69,0.89,2026-09-27T08:21:22.912008+00:00,34.01643,-118.24766
CONT-B-101,Avocado,6.59,79.82,0.85,2026-09-27T08:22:34.912008+00:00,34.10422,-118.19622
CONT-C-102,Avocado,9.57,91.25,0.54,2026-09-27T08:23:46.912008+00:00,34.08204,-118.29359
CONT-D-103,Avocado,10.92,85.8,1.14,2026-09-27T08:24:58.912008+00:00,34.0813,-118.26114
CONT-E-104,Avocado,8.95,73.15,0.05,2026-09-27T08:26:10.912008+00:00,34.11587,-118.23886
CONT-F-105,Avocado,7.25,77.37,0.64,2026-09-27T08:27:22.912008+00:00,34.21248,-118.17776
CONT-G-106,Avocado,7.11,81.8,0.53,2026-09-27T08:28:34.912008+00:00,33.88186,-118.22309
CONT-H-107,Avocado,10.7,78.92,0.45,2026-09-27T08:29:46.912008+00:00,33.9596,-118.32093
CONT-I-108,Avocado,6.9,73.58,0.83,2026-09-27T08:30:58.912008+00:00,34.11251,-118.26379
CONT-J-109,Avocado,3.5,79.02,1.02,2026-09-27T08:32:10.912008+00:00,33.82996,-118.2715
CONT-K-110,Avocado,4.68,88.02,0.45,2026-09-27T08:33:22.912008+00:00,34.08452,-118.19846
CONT-L-111,Avocado,10.11,82.99,0.76,2026-09-27T08:34:34.912008+00:00,33.9334,-118.14847
CONT-A-100,Avocado,8.15,84.4,0.64,2026-09-27T08:35:46.912008+00:00,33.92717,-118.2254
CONT-B-101,Avocado,8.54,85.46,0.17,2026-09-27T08:36:58.912008+00:00,34.0423,-118.18434
CONT-C-102,Avocado,3.5,78.63,0.91,2026-09-27T08:38:10.912008+00:00,34.07381,-118.21074
CONT-D-103,Avocado,14.23,91.14,0.85,2026-09-27T08:39:22.912008+00:00,34.26906,-118.2608
CONT-E-104,Avocado,5.36,86.14,0.78,2026-09-27T08:40:34.912008+00:00,34.01006,-118.32629
CONT-F-105,Avocado,10.96,85.63,0.43,2026-09-27T08:41:46.912008+00:00,34.12547,-118.25243
CONT-G-106,Avocado,6.34,86.81,0.26,2026-09-27T08:42:58.912008+00:00,34.08041,-118.09066
CONT-H-107,Avocado,10.02,84.92,0.5,2026-09-27T08:44:10.912008+00:00,34.01937,-118.26402
CONT-I-108,Avocado,6.12,88.58,0.13,2026-09-27T08:45:22.912008+00:00,34.12116,-118.27407
CONT-J-109,Avocado,7.48,78.37,1.05,2026-09-27T08:46:34.912008+00:00,34.15185,-118.16693
CONT-K-110,Avocado,4.07,88.15,0.77,2026-09-27T08:47:46.912008+00:00,33.92378,-118.24564
CONT-L-111,Avocado,7.46,86.78,0.7,2026-09-27T08:48:58.912008+00:00,34.0755,-118.12581
CONT-A-100,Avocado,11.73,72.86,0.55,2026-09-27T08:50:10.912008+00:00,34.03903,-118.38387
CONT-B-101,Avocado,6.97,90.24,0.32,2026-09-27T08:51:22.912008+00:00,34.07911,-118.31697
CONT-C-102,Avocado,5.59,91.39,0.49,2026-09-27T08:52:34.912008+00:00,34.08918,-118.3934
CONT-D-103,Avocado,14.23,91.81,0.6,2026-09-27T08:53:46.912008+00:00,34.09824,-118.35649
CONT-E-104,Avocado,8.93,82.38,0.59,2026-09-27T08:54:58.912008+00:00,34.01287,-118.29015
CONT-F-105,Avocado,8.05,85.28,0.85,2026-09-27T08:56:10.912008+00:00,34.0515,-118.20264
CONT-G-106,Avocado,6.05,95.15,0.18,2026-09-27T08:57:22.912008+00:00,34.15307,-118.13427
CONT-H-107,Avocado,7.65,97.95,0.95,2026-09-27T08:58:34.912008+00:00,34.12989,-118.24146
CONT-I-108,Avocado,6.41,82.95,0.77,2026-09-27T08:59:46.912008+00:00,34.16429,-118.22919
CONT-J-109,Avocado,5.16,88.12,0.93,2026-09-27T09:00:58.912008+00:00,34.10457,-118.18406
CONT-K-110,Avocado,6.31,79.36,0.39,2026-09-27T09:02:10.912008+00:00,33.92136,-118.22474
CONT-L-111,Avocado,6.65,81.8,0.05,2026-09-27T09:03:22.912008+00:00,33.95241,-118.15403
CONT-A-100,Avocado,8.32,89.0,0.23,2026-09-27T09:04:34.912008+00:00,34.1673,-118.25522
CONT-B-101,Avocado,7.32,95.63,1.1,2026-09-27T09:05:46.912008+00:00,34.02767,-118.29116
CONT-C-102,Avocado,6.21,86.55,0.62,2026-09-27T09:06:58.912008+00:00,34.02058,-118.12633
CONT-D-103,Avocado,10.67,98.0,0.68,2026-09-27T09:08:10.912008+00:00,34.19503,-118.21511
CONT-E-104,Avocado,8.53,80.38,0.39,2026-09-27T09:09:22.912008+00:00,34.08898,-118.16462
CONT-F-105,Avocado,6.87,77.57,0.24,2026-09-27T09:10:34.912008+00:00,33.93803,-118.38511
CONT-G-106,Avocado,7.0,89.63,0.65,2026-09-27T09:11:46.912008+00:00,33.87137,-118.25896
CONT-H-107,Avocado,8.89,97.28,0.21,2026-09-27T09:12:58.912008+00:00,34.02095,-118.10723
CONT-I-108,Avocado,7.61,86.82,0.68,2026-09-27T09:14:10.912008+00:00,34.0786,-118.18149
CONT-J-109,Avocado,5.34,88.39,0.24,2026-09-27T09:15:22.912008+00:00,34.07847,-118.2294
CONT-K-110,Avocado,5.69,83.89,0.46,2026-09-27T09:16:34.912008+00:00,33.96646,-118.27199
CONT-L-111,Avocado,4.81,85.61,0.3,2026-09-27T09:17:46.912008+00:00,34.10916,-118.33822
CONT-A-100,Avocado,8.5,84.08,1.05,2026-09-27T09:18:58.912008+00:00,34.07862,-118.26064
CONT-B-101,Avocado,7.7,73.46,0.64,2026-09-27T09:20:10.912008+00:00,34.212,-118.23311
CONT-C-102,Avocado,6.92,86.74,0.92,2026-09-27T09:21:22.912008+00:00,33.8924,-118.37829
CONT-D-103,Avocado,11.26,85.23,1.04,2026-09-27T09:22:34.912008+00:00,34.02699,-118.39846
CONT-E-104,Avocado,4.52,70.25,0.58,2026-09-27T09:23:46.912008+00:00,34.03713,-118.27766
CONT-F-105,Avocado,8.74,89.99,0.6,2026-09-27T09:24:58.912008+00:00,33.88142,-118.19432
CONT-G-106,Avocado,7.8,85.55,0.94,2026-09-27T09:26:10.912008+00:00,33.95901,-118.083
CONT-H-107,Avocado,7.45,90.55,0.14,2026-09-27T09:27:22.912008+00:00,33.97778,-118.12239
CONT-I-108,Avocado,6.33,88.2,0.72,2026-09-27T09:28:34.912008+00:00,34.0438,-118.13459
CONT-J-109,Avocado,6.37,75.1,0.41,2026-09-27T09:29:46.912008+00:00,34.0963,-118.21206
CONT-K-110,Avocado,3.98,80.38,0.48,2026-09-27T09:30:58.912008+00:00,34.02296,-118.35377
CONT-L-111,Avocado,5.67,80.36,0.88,2026-09-27T09:32:10.912008+00:00,34.11693,-118.25536
CONT-A-100,Avocado,8.81,87.9,0.41,2026-09-27T09:33:22.912008+00:00,33.96045,-118.31892
CONT-B-101,Avocado,5.66,78.18,0.7,2026-09-27T09:34:34.912008+00:00,34.11058,-118.37067
CONT-C-102,Avocado,6.85,82.9,0.75,2026-09-27T09:35:46.912008+00:00,34.05116,-118.35999
CONT-D-103,Avocado,8.61,88.95,0.96,2026-09-27T09:36:58.912008+00:00,33.87507,-118.21604
CONT-E-104,Avocado,8.94,83.23,0.82,2026-09-27T09:38:10.912008+00:00,33.99595,-118.25325
CONT-F-105,Avocado,3.88,72.28,0.93,2026-09-27T09:39:22.912008+00:00,33.9734,-118.28014
CONT-G-106,Avocado,4.3,76.95,0.6,2026-09-27T09:40:34.912008+00:00,33.99383,-118.21346
CONT-H-107,Avocado,9.99,88.4,0.72,2026-09-27T09:41:46.912008+00:00,34.17842,-118.32911
CONT-I-108,Avocado,6.7,89.66,1.03,2026-09-27T09:42:58.912008+00:00,33.93846,-118.26869
CONT-J-109,Avocado,9.24,86.54,0.71,2026-09-27T09:44:10.912008+00:00,34.03479,-118.2744
CONT-K-110,Avocado,7.32,82.74,0.64,2026-09-27T09:45:22.912008+00:00,34.05849,-118.29795
CONT-L-111,Avocado,7.76,98.0,0.12,2026-09-27T09:46:34.912008+00:00,34.07812,-118.30452
CONT-A-100,Avocado,10.56,87.43,0.88,2026-09-27T09:47:46.912008+00:00,34.14624,-118.22831
CONT-B-101,Avocado,8.84,72.28,1.13,2026-09-27T09:48:58.912008+00:00,34.0822,-118.15747
CONT-C-102,Avocado,4.6,79.85,0.69,2026-09-27T09:50:10.912008+00:00,34.05084,-118.22105
CONT-D-103,Avocado,12.83,79.97,0.94,2026-09-27T09:51:22.912008+00:00,34.05286,-118.26
CONT-E-104,Avocado,4.15,86.52,0.05,2026-09-27T09:52:34.912008+00:00,34.10407,-118.36307
CONT-F-105,Avocado,6.9,83.4,1.0,2026-09-27T09:53:46.912008+00:00,34.03791,-118.29923
CONT-G-106,Avocado,5.89,90.36,0.81,2026-09-27T09:54:58.912008+00:00,34.02135,-118.26262
CONT-H-107,Avocado,6.36,88.74,0.12,2026-09-27T09:56:10.912008+00:00,34.11234,-118.23341
CONT-I-108,Avocado,11.1,78.5,0.62,2026-09-27T09:57:22.912008+00:00,34.19606,-118.14839
CONT-J-109,Avocado,5.55,85.12,0.65,2026-09-27T09:58:34.912008+00:00,34.07476,-118.29959
CONT-K-110,Avocado,6.64,76.01,0.69,2026-09-27T09:59:46.912008+00:00,34.0882,-118.26189
CONT-L-111,Avocado,3.89,88.94,0.76,2026-09-27T10:00:58.912008+00:00,33.99412,-118.26615
CONT-A-100,Avocado,6.82,82.07,0.49,2026-09-27T10:02:10.912008+00:00,34.15047,-118.29486
CONT-B-101,Avocado,7.95,81.31,0.72,2026-09-27T10:03:22.912008+00:00,34.04089,-118.17386
CONT-C-102,Avocado,5.84,76.14,0.24,2026-09-27T10:04:34.912008+00:00,34.00965,-118.34362
CONT-D-103,Avocado,11.62,86.47,1.36,2026-09-27T10:05:46.912008+00:00,33.91318,-118.22741
CONT-E-104,Avocado,4.77,81.53,0.69,2026-09-27T10:06:58.912008+00:00,33.86617,-118.22475
CONT-F-105,Avocado,10.23,81.73,0.73,2026-09-27T10:08:10.912008+00:00,34.13419,-118.25682
CONT-G-106,Avocado,5.75,72.62,0.84,2026-09-27T10:09:22.912008+00:00,34.04315,-118.32471
CONT-H-107,Avocado,9.41,83.88,0.49,2026-09-27T10:10:34.912008+00:00,34.1007,-118.35077
CONT-I-108,Avocado,8.69,77.01,0.45,2026-09-27T10:11:46.912008+00:00,34.20604,-118.15351
CONT-J-109,Avocado,6.98,79.3,0.49,2026-09-27T10:12:58.912008+00:00,34.05806,-118.2407
CONT-K-110,Avocado,6.64,83.85,0.59,2026-09-27T10:14:10.912008+00:00,33.93684,-118.28502
CONT-L-111,Avocado,8.45,77.16,0.59,2026-09-27T10:15:22.912008+00:00,33.98662,-118.23479
CONT-A-100,Avocado,8.82,94.59,0.8,2026-09-27T10:16:34.912008+00:00,33.94726,-118.19
CONT-B-101,Avocado,5.41,81.12,0.74,2026-09-27T10:17:46.912008+00:00,34.01286,-118.17227
CONT-C-102,Avocado,5.41,80.91,0.45,2026-09-27T10:18:58.912008+00:00,34.00695,-118.15576
CONT-D-103,Avocado,12.01,97.35,1.33,2026-09-27T10:20:10.912008+00:00,33.96974,-118.23807
CONT-E-104,Avocado,4.68,80.11,0.46,2026-09-27T10:21:22.912008+00:00,33.96763,-118.32785
CONT-F-105,Avocado,6.54,77.92,0.9,2026-09-27T10:22:34.912008+00:00,33.97878,-118.01893
CONT-G-106,Avocado,5.99,84.36,0.26,2026-09-27T10:23:46.912008+00:00,34.18869,-118.15414
CONT-H-107,Avocado,9.71,80.07,0.71,2026-09-27T10:24:58.912008+00:00,33.96249,-118.12671
CONT-I-108,Avocado,8.26,84.48,0.05,2026-09-27T10:26:10.912008+00:00,33.97353,-118.18868
CONT-J-109,Avocado,8.98,89.55,0.17,2026-09-27T10:27:22.912008+00:00,34.07632,-118.16246
CONT-K-110,Avocado,3.81,83.96,0.73,2026-09-27T10:28:34.912008+00:00,34.02814,-118.39187
CONT-L-111,Avocado,6.21,82.36,0.61,2026-09-27T10:29:46.912008+00:00,34.00712,-118.27914
CONT-A-100,Avocado,9.45,89.41,0.56,2026-09-27T10:30:58.912008+00:00,34.01943,-118.23631
CONT-B-101,Avocado,3.5,86.39,0.65,2026-09-27T10:32:10.912008+00:00,34.05538,-118.16684
CONT-C-102,Avocado,3.5,74.13,0.73,2026-09-27T10:33:22.912008+00:00,34.05163,-118.23009
CONT-D-103,Avocado,10.05,92.12,0.93,2026-09-27T10:34:34.912008+00:00,34.09092,-118.26457
CONT-E-104,Avocado,3.5,87.85,1.02,2026-09-27T10:35:46.912008+00:00,34.10376,-118.31407
CONT-F-105,Avocado,8.01,88.3,1.12,2026-09-27T10:36:58.912008+00:00,33.98211,-118.26182
CONT-G-106,Avocado,8.15,84.29,0.31,2026-09-27T10:38:10.912008+00:00,34.08537,-118.19741
CONT-H-107,Avocado,9.34,87.9,0.57,2026-09-27T10:39:22.912008+00:00,34.17046,-118.31576
CONT-I-108,Avocado,5.74,84.05,0.91,2026-09-27T10:40:34.912008+00:00,33.93241,-118.34852
CONT-J-109,Avocado,3.5,84.16,0.31,2026-09-27T10:41:46.912008+00:00,34.02144,-118.19079
CONT-K-110,Avocado,5.65,85.16,0.56,2026-09-27T10:42:58.912008+00:00,34.10597,-118.20569
CONT-L-111,Avocado,5.55,83.16,0.96,2026-09-27T10:44:10.912008+00:00,34.08367,-118.35546
CONT-A-100,Avocado,10.7,81.78,1.07,2026-09-27T10:45:22.912008+00:00,34.13413,-118.22051
CONT-B-101,Avocado,7.08,82.95,0.85,2026-09-27T10:46:34.912008+00:00,34.02254,-118.22485
CONT-C-102,Avocado,8.37,81.19,0.47,2026-09-27T10:47:46.912008+00:00,33.95665,-118.32886
CONT-D-103,Avocado,7.59,92.45,1.19,2026-09-27T10:48:58.912008+00:00,34.16623,-118.37379
CONT-E-104,Avocado,8.1,91.11,0.51,2026-09-27T10:50:10.912008+00:00,34.06032,-118.40433
CONT-F-105,Avocado,7.28,78.68,0.71,2026-09-27T10:51:22.912008+00:00,33.9273,-118.20027
CONT-G-106,Avocado,8.64,80.08,0.31,2026-09-27T10:52:34.912008+00:00,33.87972,-118.26501
CONT-H-107,Avocado,8.13,79.04,0.79,2026-09-27T10:53:46.912008+00:00,34.0162,-118.32976
CONT-I-108,Avocado,5.8,89.36,0.83,2026-09-27T10:54:58.912008+00:00,34.0418,-118.19417
CONT-J-109,Avocado,4.71,84.16,0.69,2026-09-27T10:56:10.912008+00:00,34.01461,-118.20886
CONT-K-110,Avocado,5.4,86.55,0.82,2026-09-27T10:57:22.912008+00:00,33.81883,-118.14848
CONT-L-111,Avocado,3.5,80.92,0.96,2026-09-27T10:58:34.912008+00:00,34.02682,-118.36099
CONT-A-100,Avocado,7.55,92.33,0.07,2026-09-27T10:59:46.912008+00:00,34.14252,-118.24811
CONT-B-101,Avocado,4.65,81.08,0.34,2026-09-27T11:00:58.912008+00:00,34.1215,-118.18511
CONT-C-102,Avocado,3.71,81.98,0.39,2026-09-27T11:02:10.912008+00:00,34.15568,-118.35171
CONT-D-103,Avocado,13.77,88.63,0.3,2026-09-27T11:03:22.912008+00:00,33.99802,-118.30783
CONT-E-104,Avocado,4.51,84.47,0.28,2026-09-27T11:04:34.912008+00:00,33.87777,-118.27407
CONT-F-105,Avocado,3.55,80.24,0.38,2026-09-27T11:05:46.912008+00:00,33.9825,-118.08362
CONT-G-106,Avocado,6.9,85.23,0.12,2026-09-27T11:06:58.912008+00:00,33.99988,-118.22648
CONT-H-107,Avocado,7.34,91.34,0.29,2026-09-27T11:08:10.912008+00:00,34.02929,-118.29058
CONT-I-108,Avocado,7.1,80.8,0.57,2026-09-27T11:09:22.912008+00:00,34.03331,-118.30245
CONT-J-109,Avocado,7.67,85.19,0.62,2026-09-27T11:10:34.912008+00:00,34.01776,-118.17998
CONT-K-110,Avocado,6.38,82.47,0.68,2026-09-27T11:11:46.912008+00:00,34.18793,-118.35093
CONT-L-111,Avocado,8.19,74.53,0.72,2026-09-27T11:12:58.912008+00:00,34.17821,-118.20461
CONT-A-100,Avocado,9.83,84.4,0.66,2026-09-27T11:14:10.912008+00:00,34.03203,-118.30658
CONT-B-101,Avocado,6.28,84.99,0.42,2026-09-27T11:15:22.912008+00:00,33.9877,-118.35252
CONT-C-102,Avocado,7.5,86.73,0.72,2026-09-27T11:16:34.912008+00:00,34.12941,-118.23667
CONT-D-103,Avocado,11.59,90.32,0.62,2026-09-27T11:17:46.912008+00:00,34.00973,-118.06657
CONT-E-104,Avocado,5.99,80.67,0.78,2026-09-27T11:18:58.912008+00:00,34.07235,-118.35608
CONT-F-105,Avocado,8.82,83.53,0.32,2026-09-27T11:20:10.912008+00:00,34.1473,-118.19365
CONT-G-106,Avocado,4.52,92.89,0.85,2026-09-27T11:21:22.912008+00:00,34.05138,-118.11648
CONT-H-107,Avocado,9.47,86.66,0.45,2026-09-27T11:22:34.912008+00:00,34.09875,-118.20557
CONT-I-108,Avocado,6.83,80.05,0.69,2026-09-27T11:23:46.912008+00:00,34.04662,-118.35038
CONT-J-109,Avocado,4.15,86.83,0.05,2026-09-27T11:24:58.912008+00:00,34.06863,-118.28195
CONT-K-110,Avocado,9.15,81.53,0.85,2026-09-27T11:26:10.912008+00:00,34.02045,-118.2346
CONT-L-111,Avocado,8.13,81.69,0.95,2026-09-27T11:27:22.912008+00:00,33.9727,-118.22013
CONT-A-100,Avocado,11.18,90.5,1.22,2026-09-27T11:28:34.912008+00:00,33.99112,-118.35403
CONT-B-101,Avocado,5.01,87.3,0.8,2026-09-27T11:29:46.912008+00:00,34.06038,-118.33354
CONT-C-102,Avocado,8.18,77.88,1.0,2026-09-27T11:30:58.912008+00:00,34.2808,-118.21438
CONT-D-103,Avocado,11.93,86.34,0.11,2026-09-27T11:32:10.912008+00:00,34.00398,-118.33113
CONT-E-104,Avocado,4.2,92.61,0.73,2026-09-27T11:33:22.912008+00:00,34.08258,-118.26842
CONT-F-105,Avocado,6.49,88.82,0.64,2026-09-27T11:34:34.912008+00:00,34.09466,-118.25938
CONT-G-106,Avocado,6.18,76.97,0.06,2026-09-27T11:35:46.912008+00:00,34.03128,-118.23918
CONT-H-107,Avocado,6.86,86.63,0.67,2026-09-27T11:36:58.912008+00:00,33.87972,-118.31691
CONT-I-108,Avocado,7.53,85.94,0.3,2026-09-27T11:38:10.912008+00:00,34.06488,-118.16191
CONT-J-109,Avocado,8.2,83.52,0.51,2026-09-27T11:39:22.912008+00:00,34.00185,-118.20627
CONT-K-110,Avocado,7.15,87.15,0.69,2026-09-27T11:40:34.912008+00:00,34.1177,-118.23613
CONT-L-111,Avocado,8.21,88.35,0.41,2026-09-27T11:41:46.912008+00:00,33.90755,-118.12022
CONT-A-100,Avocado,9.98,78.63,0.44,2026-09-27T11:42:58.912008+00:00,34.11395,-118.26607
CONT-B-101,Avocado,5.88,91.0,0.34,2026-09-27T11:44:10.912008+00:00,33.98835,-118.22679
CONT-C-102,Avocado,7.5,86.48,0.92,2026-09-27T11:45:22.912008+00:00,34.06809,-118.20455
CONT-D-103,Avocado,10.41,89.11,0.68,2026-09-27T11:46:34.912008+00:00,34.06941,-118.1819
CONT-E-104,Avocado,7.8,84.22,0.41,2026-09-27T11:47:46.912008+00:00,34.05761,-118.24594
CONT-F-105,Avocado,7.15,95.03,0.49,2026-09-27T11:48:58.912008+00:00,34.08598,-118.15822
CONT-G-106,Avocado,6.98,95.69,0.54,2026-09-27T11:50:10.912008+00:00,34.07813,-118.3076
CONT-H-107,Avocado,8.55,88.04,0.9,2026-09-27T11:51:22.912008+00:00,34.07773,-118.14297
CONT-I-108,Avocado,6.63,82.34,1.46,2026-09-27T11:52:34.912008+00:00,34.08374,-118.30126
CONT-J-109,Avocado,5.55,79.29,0.93,2026-09-27T11:53:46.912008+00:00,34.02305,-118.23351
CONT-K-110,Avocado,6.69,87.66,0.4,2026-09-27T11:54:58.912008+00:00,33.96615,-118.22576
CONT-L-111,Avocado,7.88,85.66,0.41,2026-09-27T11:56:10.912008+00:00,34.1064,-118.30321
CONT-A-100,Avocado,8.58,82.48,1.04,2026-09-27T11:57:22.912008+00:00,34.10287,-118.1953
CONT-B-101,Avocado,9.04,98.0,0.14,2026-09-27T11:58:34.912008+00:00,33.99313,-118.29299
CONT-C-102,Avocado,5.27,78.61,0.56,2026-09-27T11:59:46.912008+00:00,33.95487,-118.2169
CONT-D-103,Avocado,10.97,91.21,0.8,2026-09-27T12:00:58.912008+00:00,34.10044,-118.27357
CONT-E-104,Avocado,10.62,85.17,0.09,2026-09-27T12:02:10.912008+00:00,33.97201,-118.38294
CONT-F-105,Avocado,6.83,83.39,0.51,2026-09-27T12:03:22.912008+00:00,34.21307,-118.19978
CONT-G-106,Avocado,8.11,79.34,0.35,2026-09-27T12:04:34.912008+00:00,34.05514,-118.22986
CONT-H-107,Avocado,5.84,85.9,0.65,2026-09-27T12:05:46.912008+00:00,34.03499,-118.30877
CONT-I-108,Avocado,5.83,83.12,0.68,2026-09-27T12:06:58.912008+00:00,34.10058,-118.15723
CONT-J-109,Avocado,6.27,81.72,0.78,2026-09-27T12:08:10.912008+00:00,34.10107,-118.27844
CONT-K-110,Avocado,8.22,88.9,1.04,2026-09-27T12:09:22.912008+00:00,34.19447,-118.31301
CONT-L-111,Avocado,6.83,84.06,0.62,2026-09-27T12:10:34.912008+00:00,34.00026,-118.36254
CONT-A-100,Avocado,9.69,83.36,0.68,2026-09-27T12:11:46.912008+00:00,33.98868,-118.33167
CONT-B-101,Avocado,7.22,84.75,0.82,2026-09-27T12:12:58.912008+00:00,34.22707,-118.22152
CONT-C-102,Avocado,7.67,78.61,0.26,2026-09-27T12:14:10.912008+00:00,34.17883,-118.31758
CONT-D-103,Avocado,9.0,88.6,0.62,2026-09-27T12:15:22.912008+00:00,33.98,-118.2681
CONT-E-104,Avocado,9.01,79.97,0.23,2026-09-27T12:16:34.912008+00:00,34.12761,-118.20432
CONT-F-105,Avocado,5.68,76.09,0.43,2026-09-27T12:17:46.912008+00:00,34.04782,-118.15045
CONT-G-106,Avocado,4.93,83.58,0.85,2026-09-27T12:18:58.912008+00:00,33.8617,-118.161
CONT-H-107,Avocado,7.05,88.46,0.72,2026-09-27T12:20:10.912008+00:00,34.13897,-118.19963
CONT-I-108,Avocado,3.5,80.08,0.69,2026-09-27T12:21:22.912008+00:00,34.0366,-118.20549
CONT-J-109,Avocado,8.22,87.04,0.59,2026-09-27T12:22:34.912008+00:00,33.90449,-118.28014
CONT-K-110,Avocado,7.55,78.55,0.84,2026-09-27T12:23:46.912008+00:00,34.12487,-118.23355
CONT-L-111,Avocado,3.5,77.61,1.22,2026-09-27T12:24:58.912008+00:00,34.00848,-118.40243
CONT-A-100,Avocado,11.74,87.27,0.98,2026-09-27T12:26:10.912008+00:00,34.07436,-118.20702
CONT-B-101,Avocado,7.45,87.49,1.33,2026-09-27T12:27:22.912008+00:00,34.12988,-118.37013
CONT-C-102,Avocado,7.6,89.71,1.01,2026-09-27T12:28:34.912008+00:00,34.01807,-118.1505
CONT-D-103,Avocado,12.55,98.0,0.42,2026-09-27T12:29:46.912008+00:00,34.01161,-118.26819
CONT-E-104,Avocado,5.92,79.55,0.05,2026-09-27T12:30:58.912008+00:00,34.01742,-118.21415
CONT-F-105,Avocado,5.91,93.68,0.65,2026-09-27T12:32:10.912008+00:00,34.15548,-118.22279
CONT-G-106,Avocado,8.29,85.4,1.06,2026-09-27T12:33:22.912008+00:00,34.05668,-118.20401
CONT-H-107,Avocado,9.84,85.36,0.77,2026-09-27T12:34:34.912008+00:00,34.23095,-118.26533
CONT-I-108,Avocado,7.56,90.29,0.99,2026-09-27T12:35:46.912008+00:00,34.05314,-118.43437
CONT-J-109,Avocado,7.73,72.9,1.09,2026-09-27T12:36:58.912008+00:00,34.06576,-118.16373
CONT-K-110,Avocado,5.18,76.24,0.73,2026-09-27T12:38:10.912008+00:00,34.04951,-118.28302
CONT-L-111,Avocado,6.95,97.84,0.9,2026-09-27T12:39:22.912008+00:00,34.13616,-118.17619
CONT-A-100,Avocado,12.18,86.25,0.05,2026-09-27T12:40:34.912008+00:00,34.03711,-118.17876
CONT-B-101,Avocado,5.05,83.12,0.44,2026-09-27T12:41:46.912008+00:00,34.17236,-118.18374
CONT-C-102,Avocado,7.97,87.11,0.64,2026-09-27T12:42:58.912008+00:00,34.068,-118.33851
CONT-D-103,Avocado,6.94,89.55,0.75,2026-09-27T12:44:10.912008+00:00,34.14894,-118.11799
CONT-E-104,Avocado,9.63,79.01,0.54,2026-09-27T12:45:22.912008+00:00,34.09063,-118.04115
CONT-F-105,Avocado,9.46,89.6,0.53,2026-09-27T12:46:34.912008+00:00,33.98154,-118.18059
CONT-G-106,Avocado,4.82,82.81,0.62,2026-09-27T12:47:46.912008+00:00,34.17963,-118.27208
CONT-H-107,Avocado,4.79,89.32,0.44,2026-09-27T12:48:58.912008+00:00,34.05561,-118.25064
CONT-I-108,Avocado,6.31,87.95,0.19,2026-09-27T12:50:10.912008+00:00,34.01084,-118.18898
CONT-J-109,Avocado,5.69,75.96,0.85,2026-09-27T12:51:22.912008+00:00,34.14205,-118.2473
CONT-K-110,Avocado,3.5,87.53,0.15,2026-09-27T12:52:34.912008+00:00,34.0769,-118.3147
CONT-L-111,Avocado,4.71,81.79,0.6,2026-09-27T12:53:46.912008+00:00,34.00066,-118.1966
CONT-A-100,Avocado,8.72,92.1,0.73,2026-09-27T12:54:58.912008+00:00,33.9964,-118.31298
CONT-B-101,Avocado,3.83,85.45,0.54,2026-09-27T12:56:10.912008+00:00,33.86242,-118.28656
CONT-C-102,Avocado,5.18,91.88,0.14,2026-09-27T12:57:22.912008+00:00,33.93689,-118.1549
CONT-D-103,Avocado,13.32,85.08,0.46,2026-09-27T12:58:34.912008+00:00,34.1015,-118.42987
CONT-E-104,Avocado,3.5,82.6,1.11,2026-09-27T12:59:46.912008+00:00,34.01734,-118.23563
CONT-F-105,Avocado,8.84,94.53,0.48,2026-09-27T13:00:58.912008+00:00,34.05085,-118.09794
CONT-G-106,Avocado,4.06,89.14,0.34,2026-09-27T13:02:10.912008+00:00,34.0604,-118.26311
CONT-H-107,Avocado,7.46,81.88,0.73,2026-09-27T13:03:22.912008+00:00,34.13184,-118.25408
CONT-I-108,Avocado,6.93,86.86,0.36,2026-09-27T13:04:34.912008+00:00,34.11138,-118.17815
CONT-J-109,Avocado,11.49,82.12,0.51,2026-09-27T13:05:46.912008+00:00,34.11372,-118.17817
CONT-K-110,Avocado,5.84,81.98,0.81,2026-09-27T13:06:58.912008+00:00,33.98599,-118.27654
CONT-L-111,Avocado,6.96,88.98,0.47,2026-09-27T13:08:10.912008+00:00,33.90481,-118.39703
CONT-A-100,Avocado,7.25,80.63,0.6,2026-09-27T13:09:22.912008+00:00,33.95709,-118.29992
CONT-B-101,Avocado,5.41,81.8,1.05,2026-09-27T13:10:34.912008+00:00,34.10516,-118.24241
CONT-C-102,Avocado,5.97,81.83,0.75,2026-09-27T13:11:46.912008+00:00,34.09893,-118.31631
CONT-D-103,Avocado,10.95,78.64,0.71,2026-09-27T13:12:58.912008+00:00,34.11317,-118.26611
CONT-E-104,Avocado,10.07,79.59,0.72,2026-09-27T13:14:10.912008+00:00,34.04933,-118.25172
CONT-F-105,Avocado,6.59,84.54,0.9,2026-09-27T13:15:22.912008+00:00,34.16242,-118.24388
CONT-G-106,Avocado,8.27,80.49,0.88,2026-09-27T13:16:34.912008+00:00,33.99124,-118.15645
CONT-H-107,Avocado,13.16,86.19,0.05,2026-09-27T13:17:46.912008+00:00,34.00835,-118.14515
CONT-I-108,Avocado,7.8,85.24,0.95,2026-09-27T13:18:58.912008+00:00,34.09096,-118.14628
CONT-J-109,Avocado,8.45,91.61,0.76,2026-09-27T13:20:10.912008+00:00,34.12462,-118.26827
CONT-K-110,Avocado,5.72,92.53,0.71,2026-09-27T13:21:22.912008+00:00,34.11659,-118.2338
CONT-L-111,Avocado,5.74,84.05,1.08,2026-09-27T13:22:34.912008+00:00,34.09662,-118.38062
CONT-A-100,Avocado,9.13,96.11,0.59,2026-09-27T13:23:46.912008+00:00,33.90816,-118.09226
CONT-B-101,Avocado,8.03,83.65,0.54,2026-09-27T13:24:58.912008+00:00,34.13879,-118.28706
CONT-C-102,Avocado,8.87,86.71,0.72,2026-09-27T13:26:10.912008+00:00,34.06384,-118.2577
CONT-D-103,Avocado,12.76,84.47,0.16,2026-09-27T13:27:22.912008+00:00,34.10136,-118.1932
CONT-E-104,Avocado,7.66,86.04,0.55,2026-09-27T13:28:34.912008+00:00,34.1152,-118.24734
CONT-F-105,Avocado,5.92,82.44,1.26,2026-09-27T13:29:46.912008+00:00,33.9134,-118.20372
CONT-G-106,Avocado,3.78,83.46,0.52,2026-09-27T13:30:58.912008+00:00,33.8854,-118.21258
CONT-H-107,Avocado,8.5,76.3,0.9,2026-09-27T13:32:10.912008+00:00,34.167,-118.12449
CONT-I-108,Avocado,7.45,84.23,1.05,2026-09-27T13:33:22.912008+00:00,34.18679,-118.15301
CONT-J-109,Avocado,5.11,85.01,0.78,2026-09-27T13:34:34.912008+00:00,33.90743,-118.20615
CONT-K-110,Avocado,10.89,87.2,1.09,2026-09-27T13:35:46.912008+00:00,34.06683,-118.24956
CONT-L-111,Avocado,7.49,79.92,0.36,2026-09-27T13:36:58.912008+00:00,34.1535,-118.13391
CONT-A-100,Avocado,7.74,92.04,0.62,2026-09-27T13:38:10.912008+00:00,34.07938,-118.20688
CONT-B-101,Avocado,8.59,84.41,1.07,2026-09-27T13:39:22.912008+00:00,34.07695,-118.19377
CONT-C-102,Avocado,5.3,94.79,0.79,2026-09-27T13:40:34.912008+00:00,34.10924,-118.37235
CONT-D-103,Avocado,9.4,94.99,0.74,2026-09-27T13:41:46.912008+00:00,33.8991,-118.16064
CONT-E-104,Avocado,5.82,91.06,0.62,2026-09-27T13:42:58.912008+00:00,34.06858,-118.14938
CONT-F-105,Avocado,5.18,79.04,0.59,2026-09-27T13:44:10.912008+00:00,34.11837,-118.35017
CONT-G-106,Avocado,3.8,88.12,0.47,2026-09-27T13:45:22.912008+00:00,34.02082,-118.39224
CONT-H-107,Avocado,7.96,86.76,0.93,2026-09-27T13:46:34.912008+00:00,33.9905,-118.11111
CONT-I-108,Avocado,5.57,80.58,1.11,2026-09-27T13:47:46.912008+00:00,34.06912,-118.28786
CONT-J-109,Avocado,6.52,90.77,1.09,2026-09-27T13:48:58.912008+00:00,33.98686,-118.24709
CONT-K-110,Avocado,6.96,79.07,0.63,2026-09-27T13:50:10.912008+00:00,34.05263,-118.15248
CONT-L-111,Avocado,8.97,82.35,0.59,2026-09-27T13:51:22.912008+00:00,34.10534,-118.29052
CONT-A-100,Avocado,10.58,86.76,0.36,2026-09-27T13:52:34.912008+00:00,33.97565,-118.12794
CONT-B-101,Avocado,6.52,92.2,0.5,2026-09-27T13:53:46.912008+00:00,34.0755,-118.05229
CONT-C-102,Avocado,4.9,74.51,1.04,2026-09-27T13:54:58.912008+00:00,33.98606,-118.24536
CONT-D-103,Avocado,9.83,90.14,0.36,2026-09-27T13:56:10.912008+00:00,34.0378,-118.20771
CONT-E-104,Avocado,4.99,80.5,0.55,2026-09-27T13:57:22.912008+00:00,33.93789,-118.2775
CONT-F-105,Avocado,7.01,82.0,0.57,2026-09-27T13:58:34.912008+00:00,34.05061,-118.29616
CONT-G-106,Avocado,8.04,91.18,0.51,2026-09-27T13:59:46.912008+00:00,34.09102,-118.26287
CONT-H-107,Avocado,9.84,94.63,0.8,2026-09-27T14:00:58.912008+00:00,33.91033,-118.20738
CONT-I-108,Avocado,9.02,82.89,0.95,2026-09-27T14:02:10.912008+00:00,33.99699,-118.36254
CONT-J-109,Avocado,7.05,75.22,0.58,2026-09-27T14:03:22.912008+00:00,34.15515,-118.39648
CONT-K-110,Avocado,4.5,78.84,0.63,2026-09-27T14:04:34.912008+00:00,34.02294,-118.13177
CONT-L-111,Avocado,8.52,86.48,0.69,2026-09-27T14:05:46.912008+00:00,34.08366,-118.31266
CONT-A-100,Avocado,11.06,81.64,0.9,2026-09-27T14:06:58.912008+00:00,34.14709,-118.22683
CONT-B-101,Avocado,6.48,86.0,0.05,2026-09-27T14:08:10.912008+00:00,34.07638,-118.25277
CONT-C-102,Avocado,6.71,87.53,0.63,2026-09-27T14:09:22.912008+00:00,33.96098,-118.25501
CONT-D-103,Avocado,11.0,89.37,0.7,2026-09-27T14:10:34.912008+00:00,34.13535,-118.33058
CONT-E-104,Avocado,7.12,90.45,0.13,2026-09-27T14:11:46.912008+00:00,34.06657,-118.29053
CONT-F-105,Avocado,6.13,79.48,0.6,2026-09-27T14:12:58.912008+00:00,34.1995,-118.34485
CONT-G-106,Avocado,4.69,77.49,1.17,2026-09-27T14:14:10.912008+00:00,34.01521,-118.24575
CONT-H-107,Avocado,8.45,82.08,0.58,2026-09-27T14:15:22.912008+00:00,34.24886,-118.13233
CONT-I-108,Avocado,5.26,87.24,0.4,2026-09-27T14:16:34.912008+00:00,33.91009,-118.16214
CONT-J-109,Avocado,8.89,89.23,0.51,2026-09-27T14:17:46.912008+00:00,34.03886,-118.18372
CONT-K-110,Avocado,7.5,82.03,0.16,2026-09-27T14:18:58.912008+00:00,34.06131,-118.15738
CONT-L-111,Avocado,4.64,87.19,0.75,2026-09-27T14:20:10.912008+00:00,34.11221,-118.17394
CONT-A-100,Avocado,8.27,79.12,0.49,2026-09-27T14:21:22.912008+00:00,34.12333,-118.28706
CONT-B-101,Avocado,5.55,74.89,1.18,2026-09-27T14:22:34.912008+00:00,34.11826,-118.18211
CONT-C-102,Avocado,8.54,86.88,0.58,2026-09-27T14:23:46.912008+00:00,34.0391,-118.27791
CONT-D-103,Avocado,14.5,91.58,0.51,2026-09-27T14:24:58.912008+00:00,34.08944,-118.32457
CONT-E-104,Avocado,9.51,80.69,0.8,2026-09-27T14:26:10.912008+00:00,34.13748,-118.21292
CONT-F-105,Avocado,6.97,84.05,0.63,2026-09-27T14:27:22.912008+00:00,34.00606,-118.27966
CONT-G-106,Avocado,9.46,83.46,0.41,2026-09-27T14:28:34.912008+00:00,34.0109,-118.15567
CONT-H-107,Avocado,10.4,89.6,0.57,2026-09-27T14:29:46.912008+00:00,34.09807,-118.29518
CONT-I-108,Avocado,6.33,88.85,0.91,2026-09-27T14:30:58.912008+00:00,33.97365,-118.31214
CONT-J-109,Avocado,7.0,92.63,0.08,2026-09-27T14:32:10.912008+00:00,34.07447,-118.35378
CONT-K-110,Avocado,5.66,82.18,0.52,2026-09-27T14:33:22.912008+00:00,34.0095,-118.24312
CONT-L-111,Avocado,5.84,76.69,0.88,2026-09-27T14:34:34.912008+00:00,34.11243,-118.17625
CONT-A-100,Avocado,6.75,88.69,0.85,2026-09-27T14:35:46.912008+00:00,33.9697,-118.24297
CONT-B-101,Avocado,6.59,93.21,1.23,2026-09-27T14:36:58.912008+00:00,33.91905,-118.04419
CONT-C-102,Avocado,5.15,88.9,0.94,2026-09-27T14:38:10.912008+00:00,33.97254,-118.20424
CONT-D-103,Avocado,10.69,91.57,0.72,2026-09-27T14:39:22.912008+00:00,34.14791,-118.23767
CONT-E-104,Avocado,6.5,89.48,0.82,2026-09-27T14:40:34.912008+00:00,34.11075,-118.29687
CONT-F-105,Avocado,4.92,81.16,0.46,2026-09-27T14:41:46.912008+00:00,34.1151,-118.16562
CONT-G-106,Avocado,6.52,91.15,1.06,2026-09-27T14:42:58.912008+00:00,34.07167,-118.30945
CONT-H-107,Avocado,12.02,86.49,0.69,2026-09-27T14:44:10.912008+00:00,34.02503,-118.31488
CONT-I-108,Avocado,4.16,87.16,0.41,2026-09-27T14:45:22.912008+00:00,34.29696,-118.33059
CONT-J-109,Avocado,4.54,86.55,1.11,2026-09-27T14:46:34.912008+00:00,34.05737,-118.19792
CONT-K-110,Avocado,3.5,80.61,0.33,2026-09-27T14:47:46.912008+00:00,33.9006,-118.23434
CONT-L-111,Avocado,3.5,77.39,0.49,2026-09-27T14:48:58.912008+00:00,33.9857,-118.21199
CONT-A-100,Avocado,10.07,91.67,0.88,2026-09-27T14:50:10.912008+00:00,34.14347,-118.24385
CONT-B-101,Avocado,7.35,86.56,0.69,2026-09-27T14:51:22.912008+00:00,34.02042,-118.2703
CONT-C-102,Avocado,5.33,86.11,0.62,2026-09-27T14:52:34.912008+00:00,33.99915,-118.29668
CONT-D-103,Avocado,8.7,93.69,0.67,2026-09-27T14:53:46.912008+00:00,33.98318,-118.17902
CONT-E-104,Avocado,5.79,76.97,0.96,2026-09-27T14:54:58.912008+00:00,34.00923,-118.27641
CONT-F-105,Avocado,6.87,89.71,0.66,2026-09-27T14:56:10.912008+00:00,33.95627,-118.20019
CONT-G-106,Avocado,5.93,93.44,0.65,2026-09-27T14:57:22.912008+00:00,33.8734,-118.21511
CONT-H-107,Avocado,12.68,94.68,1.2,2026-09-27T14:58:34.912008+00:00,33.97062,-118.17073
CONT-I-108,Avocado,5.5,85.12,0.27,2026-09-27T14:59:46.912008+00:00,34.00064,-118.2978
CONT-J-109,Avocado,8.42,88.0,0.73,2026-09-27T15:00:58.912008+00:00,33.94417,-118.26863
CONT-K-110,Avocado,5.46,88.35,1.0,2026-09-27T15:02:10.912008+00:00,34.13671,-118.30412
CONT-L-111,Avocado,3.5,75.17,1.08,2026-09-27T15:03:22.912008+00:00,34.0201,-118.30376
CONT-A-100,Avocado,12.48,93.53,0.66,2026-09-27T15:04:34.912008+00:00,34.02873,-118.25427
CONT-B-101,Avocado,7.21,92.0,0.78,2026-09-27T15:05:46.912008+00:00,34.11028,-118.15016
CONT-C-102,Avocado,4.69,87.77,0.56,2026-09-27T15:06:58.912008+00:00,33.85091,-118.41395
CONT-D-103,Avocado,9.05,91.46,0.68,2026-09-27T15:08:10.912008+00:00,34.06695,-118.08762
CONT-E-104,Avocado,4.52,83.86,0.74,2026-09-27T15:09:22.912008+00:00,33.9933,-118.24143
CONT-F-105,Avocado,3.92,91.05,0.45,2026-09-27T15:10:34.912008+00:00,34.21471,-118.2463
CONT-G-106,Avocado,8.65,83.73,0.64,2026-09-27T15:11:46.912008+00:00,34.00548,-118.23417
CONT-H-107,Avocado,9.75,82.88,0.61,2026-09-27T15:12:58.912008+00:00,34.00339,-118.05973
CONT-I-108,Avocado,6.64,91.73,0.59,2026-09-27T15:14:10.912008+00:00,34.07294,-118.34941
CONT-J-109,Avocado,6.0,85.05,1.13,2026-09-27T15:15:22.912008+00:00,34.06996,-118.133
CONT-K-110,Avocado,7.95,92.14,0.63,2026-09-27T15:16:34.912008+00:00,34.24342,-118.28253
CONT-L-111,Avocado,5.42,77.95,1.35,2026-09-27T15:17:46.912008+00:00,34.11776,-118.27043
